<?xml version="1.0" encoding="UTF-8"?>
<!-- IMPORTANT: This is an internal file that has been generated
     by the Xilinx ISE software.  Any direct editing or
     changes made to this file may result in unpredictable
     behavior or data corruption.  It is strongly advised that
     users do not edit the contents of this file. -->
<DeviceUsageSummary rev="117">
<DesignStatistics TimeStamp="Sun Aug 30 01:28:55 2015"><group name="NetStatistics">
<item name="NumNets_Active" rev="117">
<attrib name="value" value="660"/></item>
<item name="NumNets_Gnd" rev="117">
<attrib name="value" value="1"/></item>
<item name="NumNets_Vcc" rev="117">
<attrib name="value" value="1"/></item>
<item name="NumNodesOfType_Active_BOUNCEACROSS" rev="117">
<attrib name="value" value="28"/></item>
<item name="NumNodesOfType_Active_BOUNCEIN" rev="117">
<attrib name="value" value="79"/></item>
<item name="NumNodesOfType_Active_BUFGOUT" rev="117">
<attrib name="value" value="2"/></item>
<item name="NumNodesOfType_Active_BUFHINP2OUT" rev="117">
<attrib name="value" value="6"/></item>
<item name="NumNodesOfType_Active_BUFIOINP" rev="117">
<attrib name="value" value="1"/></item>
<item name="NumNodesOfType_Active_CLKPIN" rev="117">
<attrib name="value" value="100"/></item>
<item name="NumNodesOfType_Active_CLKPINFEED" rev="117">
<attrib name="value" value="14"/></item>
<item name="NumNodesOfType_Active_CNTRLPIN" rev="117">
<attrib name="value" value="155"/></item>
<item name="NumNodesOfType_Active_DOUBLE" rev="117">
<attrib name="value" value="902"/></item>
<item name="NumNodesOfType_Active_GENERIC" rev="117">
<attrib name="value" value="18"/></item>
<item name="NumNodesOfType_Active_GLOBAL" rev="117">
<attrib name="value" value="51"/></item>
<item name="NumNodesOfType_Active_INPUT" rev="117">
<attrib name="value" value="291"/></item>
<item name="NumNodesOfType_Active_IOBIN2OUT" rev="117">
<attrib name="value" value="16"/></item>
<item name="NumNodesOfType_Active_IOBOUTPUT" rev="117">
<attrib name="value" value="15"/></item>
<item name="NumNodesOfType_Active_LUTINPUT" rev="117">
<attrib name="value" value="1288"/></item>
<item name="NumNodesOfType_Active_OUTBOUND" rev="117">
<attrib name="value" value="690"/></item>
<item name="NumNodesOfType_Active_OUTPUT" rev="117">
<attrib name="value" value="640"/></item>
<item name="NumNodesOfType_Active_PADINPUT" rev="117">
<attrib name="value" value="14"/></item>
<item name="NumNodesOfType_Active_PADOUTPUT" rev="117">
<attrib name="value" value="2"/></item>
<item name="NumNodesOfType_Active_PINBOUNCE" rev="117">
<attrib name="value" value="496"/></item>
<item name="NumNodesOfType_Active_PINFEED" rev="117">
<attrib name="value" value="1699"/></item>
<item name="NumNodesOfType_Active_PINFEED2" rev="117">
<attrib name="value" value="8"/></item>
<item name="NumNodesOfType_Active_QUAD" rev="117">
<attrib name="value" value="454"/></item>
<item name="NumNodesOfType_Active_REGINPUT" rev="117">
<attrib name="value" value="196"/></item>
<item name="NumNodesOfType_Active_SINGLE" rev="117">
<attrib name="value" value="1165"/></item>
<item name="NumNodesOfType_Gnd_BOUNCEIN" rev="117">
<attrib name="value" value="50"/></item>
<item name="NumNodesOfType_Gnd_CNTRLPIN" rev="117">
<attrib name="value" value="1"/></item>
<item name="NumNodesOfType_Gnd_DOUBLE" rev="117">
<attrib name="value" value="3"/></item>
<item name="NumNodesOfType_Gnd_HGNDOUT" rev="117">
<attrib name="value" value="26"/></item>
<item name="NumNodesOfType_Gnd_INPUT" rev="117">
<attrib name="value" value="106"/></item>
<item name="NumNodesOfType_Gnd_LUTINPUT" rev="117">
<attrib name="value" value="27"/></item>
<item name="NumNodesOfType_Gnd_OUTBOUND" rev="117">
<attrib name="value" value="6"/></item>
<item name="NumNodesOfType_Gnd_OUTPUT" rev="117">
<attrib name="value" value="9"/></item>
<item name="NumNodesOfType_Gnd_PINBOUNCE" rev="117">
<attrib name="value" value="50"/></item>
<item name="NumNodesOfType_Gnd_PINFEED" rev="117">
<attrib name="value" value="120"/></item>
<item name="NumNodesOfType_Gnd_REGINPUT" rev="117">
<attrib name="value" value="5"/></item>
<item name="NumNodesOfType_Gnd_SINGLE" rev="117">
<attrib name="value" value="7"/></item>
<item name="NumNodesOfType_Vcc_GENERIC" rev="117">
<attrib name="value" value="2"/></item>
<item name="NumNodesOfType_Vcc_HVCCOUT" rev="117">
<attrib name="value" value="55"/></item>
<item name="NumNodesOfType_Vcc_INPUT" rev="117">
<attrib name="value" value="18"/></item>
<item name="NumNodesOfType_Vcc_IOBIN2OUT" rev="117">
<attrib name="value" value="2"/></item>
<item name="NumNodesOfType_Vcc_IOBOUTPUT" rev="117">
<attrib name="value" value="2"/></item>
<item name="NumNodesOfType_Vcc_KVCCOUT" rev="117">
<attrib name="value" value="9"/></item>
<item name="NumNodesOfType_Vcc_LUTINPUT" rev="117">
<attrib name="value" value="125"/></item>
<item name="NumNodesOfType_Vcc_PADINPUT" rev="117">
<attrib name="value" value="2"/></item>
<item name="NumNodesOfType_Vcc_PINFEED" rev="117">
<attrib name="value" value="145"/></item>
</group>
<group name="SiteStatistics">
<item name="BUFG-BUFGMUX" rev="117">
<attrib name="value" value="2"/></item>
<item name="IOB-IOBM" rev="117">
<attrib name="value" value="14"/></item>
<item name="IOB-IOBS" rev="117">
<attrib name="value" value="5"/></item>
<item name="SLICEL-SLICEM" rev="117">
<attrib name="value" value="22"/></item>
<item name="SLICEX-SLICEL" rev="117">
<attrib name="value" value="7"/></item>
<item name="SLICEX-SLICEM" rev="117">
<attrib name="value" value="7"/></item>
</group>
<group name="MiscellaneousStatistics">
<item name="AGG_BONDED_IO" rev="116">
<attrib name="value" value="19"/></item>
<item name="AGG_IO" rev="116">
<attrib name="value" value="19"/></item>
<item name="AGG_LOCED_IO" rev="116">
<attrib name="value" value="19"/></item>
<item name="AGG_SLICE" rev="116">
<attrib name="value" value="126"/></item>
<item name="NUM_BONDED_IOB" rev="116">
<attrib name="value" value="19"/></item>
<item name="NUM_BSFULL" rev="116">
<attrib name="value" value="248"/></item>
<item name="NUM_BSLUTONLY" rev="116">
<attrib name="value" value="134"/></item>
<item name="NUM_BSREGONLY" rev="116">
<attrib name="value" value="30"/></item>
<item name="NUM_BSUSED" rev="116">
<attrib name="value" value="412"/></item>
<item name="NUM_BUFG" rev="116">
<attrib name="value" value="2"/></item>
<item name="NUM_BUFIO2" rev="116">
<attrib name="value" value="1"/></item>
<item name="NUM_ILOGIC2" rev="116">
<attrib name="value" value="1"/></item>
<item name="NUM_IOB_FF" rev="116">
<attrib name="value" value="8"/></item>
<item name="NUM_LOCED_IOB" rev="116">
<attrib name="value" value="19"/></item>
<item name="NUM_LOGIC_O5ANDO6" rev="116">
<attrib name="value" value="69"/></item>
<item name="NUM_LOGIC_O5ONLY" rev="116">
<attrib name="value" value="25"/></item>
<item name="NUM_LOGIC_O6ONLY" rev="116">
<attrib name="value" value="272"/></item>
<item name="NUM_LUT_RT_DRIVES_CARRY4" rev="116">
<attrib name="value" value="2"/></item>
<item name="NUM_LUT_RT_DRIVES_FLOP" rev="116">
<attrib name="value" value="3"/></item>
<item name="NUM_LUT_RT_EXO5" rev="116">
<attrib name="value" value="3"/></item>
<item name="NUM_LUT_RT_EXO6" rev="116">
<attrib name="value" value="2"/></item>
<item name="NUM_LUT_RT_O5" rev="116">
<attrib name="value" value="7"/></item>
<item name="NUM_LUT_RT_O6" rev="116">
<attrib name="value" value="10"/></item>
<item name="NUM_OLOGIC2" rev="116">
<attrib name="value" value="7"/></item>
<item name="NUM_PLL_ADV" rev="116">
<attrib name="value" value="1"/></item>
<item name="NUM_RAMB8BWER" rev="116">
<attrib name="value" value="9"/></item>
<item name="NUM_SLICEL" rev="116">
<attrib name="value" value="46"/></item>
<item name="NUM_SLICEM" rev="116">
<attrib name="value" value="5"/></item>
<item name="NUM_SLICEX" rev="116">
<attrib name="value" value="75"/></item>
<item name="NUM_SLICE_CARRY4" rev="116">
<attrib name="value" value="45"/></item>
<item name="NUM_SLICE_CONTROLSET" rev="116">
<attrib name="value" value="19"/></item>
<item name="NUM_SLICE_CYINIT" rev="116">
<attrib name="value" value="468"/></item>
<item name="NUM_SLICE_F7MUX" rev="116">
<attrib name="value" value="1"/></item>
<item name="NUM_SLICE_FF" rev="116">
<attrib name="value" value="294"/></item>
<item name="NUM_SLICE_UNUSEDCTRL" rev="116">
<attrib name="value" value="35"/></item>
<item name="NUM_SRL_O6ONLY" rev="116">
<attrib name="value" value="11"/></item>
<item name="NUM_UNUSABLE_FF_BELS" rev="116">
<attrib name="value" value="55"/></item>
</group>
</DesignStatistics>
<DeviceUsage TimeStamp="Sun Aug 30 01:28:55 2015"><group name="SiteSummary">
<item name="BUFG" rev="117">
<attrib name="total" value="1000000"/><attrib name="used" value="2"/></item>
<item name="BUFG_BUFG" rev="117">
<attrib name="total" value="1000000"/><attrib name="used" value="2"/></item>
<item name="BUFIO2" rev="117">
<attrib name="total" value="1000000"/><attrib name="used" value="1"/></item>
<item name="BUFIO2_BUFIO2" rev="117">
<attrib name="total" value="1000000"/><attrib name="used" value="1"/></item>
<item name="CARRY4" rev="117">
<attrib name="total" value="1000000"/><attrib name="used" value="45"/></item>
<item name="FF_SR" rev="117">
<attrib name="total" value="1000000"/><attrib name="used" value="22"/></item>
<item name="HARD0" rev="117">
<attrib name="total" value="1000000"/><attrib name="used" value="1"/></item>
<item name="ILOGIC2" rev="117">
<attrib name="total" value="1000000"/><attrib name="used" value="1"/></item>
<item name="ILOGIC2_IFF" rev="117">
<attrib name="total" value="1000000"/><attrib name="used" value="1"/></item>
<item name="IOB" rev="117">
<attrib name="total" value="1000000"/><attrib name="used" value="19"/></item>
<item name="IOB_IMUX" rev="117">
<attrib name="total" value="1000000"/><attrib name="used" value="3"/></item>
<item name="IOB_INBUF" rev="117">
<attrib name="total" value="1000000"/><attrib name="used" value="3"/></item>
<item name="IOB_OUTBUF" rev="117">
<attrib name="total" value="1000000"/><attrib name="used" value="16"/></item>
<item name="LUT5" rev="117">
<attrib name="total" value="1000000"/><attrib name="used" value="104"/></item>
<item name="LUT6" rev="117">
<attrib name="total" value="1000000"/><attrib name="used" value="352"/></item>
<item name="LUT_OR_MEM6" rev="117">
<attrib name="total" value="1000000"/><attrib name="used" value="12"/></item>
<item name="OLOGIC2" rev="117">
<attrib name="total" value="1000000"/><attrib name="used" value="7"/></item>
<item name="OLOGIC2_OUTFF" rev="117">
<attrib name="total" value="1000000"/><attrib name="used" value="7"/></item>
<item name="PAD" rev="117">
<attrib name="total" value="1000000"/><attrib name="used" value="19"/></item>
<item name="PLL_ADV" rev="117">
<attrib name="total" value="1000000"/><attrib name="used" value="1"/></item>
<item name="PLL_ADV_PLL_ADV" rev="117">
<attrib name="total" value="1000000"/><attrib name="used" value="1"/></item>
<item name="RAMB8BWER" rev="117">
<attrib name="total" value="1000000"/><attrib name="used" value="9"/></item>
<item name="RAMB8BWER_RAMB8BWER" rev="117">
<attrib name="total" value="1000000"/><attrib name="used" value="9"/></item>
<item name="REG_SR" rev="117">
<attrib name="total" value="1000000"/><attrib name="used" value="272"/></item>
<item name="SELMUX2_1" rev="117">
<attrib name="total" value="1000000"/><attrib name="used" value="2"/></item>
<item name="SLICEL" rev="117">
<attrib name="total" value="1000000"/><attrib name="used" value="46"/></item>
<item name="SLICEM" rev="117">
<attrib name="total" value="1000000"/><attrib name="used" value="5"/></item>
<item name="SLICEX" rev="117">
<attrib name="total" value="1000000"/><attrib name="used" value="75"/></item>
</group>
</DeviceUsage>
<ReportConfigData TimeStamp="Sun Aug 30 01:28:55 2015"><group name="REG_SR">
<item name="CK" rev="117">
<attrib name="CK" value="272"/><attrib name="CK_INV" value="0"/></item>
<item name="LATCH_OR_FF" rev="117">
<attrib name="FF" value="272"/></item>
<item name="SRINIT" rev="117">
<attrib name="SRINIT0" value="211"/><attrib name="SRINIT1" value="61"/></item>
<item name="SYNC_ATTR" rev="117">
<attrib name="ASYNC" value="266"/><attrib name="SYNC" value="6"/></item>
</group>
<group name="LUT_OR_MEM5">
<item name="LUT_OR_MEM" rev="109">
<attrib name="LUT" value="1"/></item>
</group>
<group name="LUT_OR_MEM6">
<item name="CLK" rev="117">
<attrib name="CLK" value="11"/><attrib name="CLK_INV" value="0"/></item>
<item name="LUT_OR_MEM" rev="117">
<attrib name="LUT" value="1"/><attrib name="RAM" value="11"/></item>
<item name="RAMMODE" rev="117">
<attrib name="SRL16" value="8"/><attrib name="SRL32" value="3"/></item>
</group>
<group name="SLICEL">
<item name="CLK" rev="117">
<attrib name="CLK" value="45"/><attrib name="CLK_INV" value="0"/></item>
</group>
<group name="PLL_ADV_PLL_ADV">
<item name="BANDWIDTH" rev="117">
<attrib name="OPTIMIZED" value="1"/></item>
<item name="CLK_FEEDBACK" rev="117">
<attrib name="CLKFBOUT" value="1"/></item>
<item name="COMPENSATION" rev="117">
<attrib name="INTERNAL" value="1"/></item>
<item name="PLL_ADD_LEAKAGE" rev="117">
<attrib name="2" value="1"/></item>
<item name="PLL_AVDD_COMP_SET" rev="117">
<attrib name="2" value="1"/></item>
<item name="PLL_CLAMP_BYPASS" rev="117">
<attrib name="FALSE" value="1"/></item>
<item name="PLL_CLAMP_REF_SEL" rev="117">
<attrib name="1" value="1"/></item>
<item name="PLL_CLK0MX" rev="117">
<attrib name="0" value="1"/></item>
<item name="PLL_CLK1MX" rev="117">
<attrib name="0" value="1"/></item>
<item name="PLL_CLK2MX" rev="117">
<attrib name="0" value="1"/></item>
<item name="PLL_CLK3MX" rev="117">
<attrib name="0" value="1"/></item>
<item name="PLL_CLK4MX" rev="117">
<attrib name="0" value="1"/></item>
<item name="PLL_CLK5MX" rev="117">
<attrib name="0" value="1"/></item>
<item name="PLL_CLKBURST_CNT" rev="117">
<attrib name="0" value="1"/></item>
<item name="PLL_CLKBURST_ENABLE" rev="117">
<attrib name="TRUE" value="1"/></item>
<item name="PLL_CLKCNTRL" rev="117">
<attrib name="0" value="1"/></item>
<item name="PLL_CLKFBMX" rev="117">
<attrib name="0" value="1"/></item>
<item name="PLL_CLKFBOUT2_EDGE" rev="117">
<attrib name="TRUE" value="1"/></item>
<item name="PLL_CLKFBOUT2_NOCOUNT" rev="117">
<attrib name="TRUE" value="1"/></item>
<item name="PLL_CLKFBOUT_EDGE" rev="117">
<attrib name="TRUE" value="1"/></item>
<item name="PLL_CLKFBOUT_EN" rev="117">
<attrib name="FALSE" value="1"/></item>
<item name="PLL_CLKFBOUT_NOCOUNT" rev="117">
<attrib name="TRUE" value="1"/></item>
<item name="PLL_CLKOUT0_EDGE" rev="117">
<attrib name="TRUE" value="1"/></item>
<item name="PLL_CLKOUT0_EN" rev="117">
<attrib name="FALSE" value="1"/></item>
<item name="PLL_CLKOUT0_NOCOUNT" rev="117">
<attrib name="TRUE" value="1"/></item>
<item name="PLL_CLKOUT1_EDGE" rev="117">
<attrib name="TRUE" value="1"/></item>
<item name="PLL_CLKOUT1_EN" rev="117">
<attrib name="FALSE" value="1"/></item>
<item name="PLL_CLKOUT1_NOCOUNT" rev="117">
<attrib name="TRUE" value="1"/></item>
<item name="PLL_CLKOUT2_EDGE" rev="117">
<attrib name="TRUE" value="1"/></item>
<item name="PLL_CLKOUT2_EN" rev="117">
<attrib name="FALSE" value="1"/></item>
<item name="PLL_CLKOUT2_NOCOUNT" rev="117">
<attrib name="TRUE" value="1"/></item>
<item name="PLL_CLKOUT3_EDGE" rev="117">
<attrib name="TRUE" value="1"/></item>
<item name="PLL_CLKOUT3_EN" rev="117">
<attrib name="FALSE" value="1"/></item>
<item name="PLL_CLKOUT3_NOCOUNT" rev="117">
<attrib name="TRUE" value="1"/></item>
<item name="PLL_CLKOUT4_EDGE" rev="117">
<attrib name="TRUE" value="1"/></item>
<item name="PLL_CLKOUT4_EN" rev="117">
<attrib name="FALSE" value="1"/></item>
<item name="PLL_CLKOUT4_NOCOUNT" rev="117">
<attrib name="TRUE" value="1"/></item>
<item name="PLL_CLKOUT5_EDGE" rev="117">
<attrib name="TRUE" value="1"/></item>
<item name="PLL_CLKOUT5_EN" rev="117">
<attrib name="FALSE" value="1"/></item>
<item name="PLL_CLKOUT5_NOCOUNT" rev="117">
<attrib name="TRUE" value="1"/></item>
<item name="PLL_CLK_LOST_DETECT" rev="117">
<attrib name="FALSE" value="1"/></item>
<item name="PLL_CP" rev="117">
<attrib name="1" value="1"/></item>
<item name="PLL_CP_BIAS_TRIP_SHIFT" rev="117">
<attrib name="TRUE" value="1"/></item>
<item name="PLL_CP_REPL" rev="117">
<attrib name="1" value="1"/></item>
<item name="PLL_CP_RES" rev="117">
<attrib name="0" value="1"/></item>
<item name="PLL_DIRECT_PATH_CNTRL" rev="117">
<attrib name="TRUE" value="1"/></item>
<item name="PLL_DIVCLK_EDGE" rev="117">
<attrib name="TRUE" value="1"/></item>
<item name="PLL_DIVCLK_NOCOUNT" rev="117">
<attrib name="TRUE" value="1"/></item>
<item name="PLL_DVDD_COMP_SET" rev="117">
<attrib name="2" value="1"/></item>
<item name="PLL_EN" rev="117">
<attrib name="FALSE" value="1"/></item>
<item name="PLL_EN_DLY" rev="117">
<attrib name="TRUE" value="1"/></item>
<item name="PLL_EN_LEAKAGE" rev="117">
<attrib name="2" value="1"/></item>
<item name="PLL_EN_TCLK0" rev="117">
<attrib name="TRUE" value="1"/></item>
<item name="PLL_EN_TCLK1" rev="117">
<attrib name="TRUE" value="1"/></item>
<item name="PLL_EN_TCLK2" rev="117">
<attrib name="TRUE" value="1"/></item>
<item name="PLL_EN_TCLK3" rev="117">
<attrib name="TRUE" value="1"/></item>
<item name="PLL_EN_VCO0" rev="117">
<attrib name="FALSE" value="1"/></item>
<item name="PLL_EN_VCO1" rev="117">
<attrib name="FALSE" value="1"/></item>
<item name="PLL_EN_VCO2" rev="117">
<attrib name="FALSE" value="1"/></item>
<item name="PLL_EN_VCO3" rev="117">
<attrib name="FALSE" value="1"/></item>
<item name="PLL_EN_VCO4" rev="117">
<attrib name="FALSE" value="1"/></item>
<item name="PLL_EN_VCO5" rev="117">
<attrib name="FALSE" value="1"/></item>
<item name="PLL_EN_VCO6" rev="117">
<attrib name="FALSE" value="1"/></item>
<item name="PLL_EN_VCO7" rev="117">
<attrib name="FALSE" value="1"/></item>
<item name="PLL_EN_VCO_DIV1" rev="117">
<attrib name="FALSE" value="1"/></item>
<item name="PLL_EN_VCO_DIV6" rev="117">
<attrib name="TRUE" value="1"/></item>
<item name="PLL_INTFB" rev="117">
<attrib name="0" value="1"/></item>
<item name="PLL_IO_CLKSRC" rev="117">
<attrib name="0" value="1"/></item>
<item name="PLL_LFHF" rev="117">
<attrib name="3" value="1"/></item>
<item name="PLL_LOCK_FB_DLY" rev="117">
<attrib name="3" value="1"/></item>
<item name="PLL_LOCK_REF_DLY" rev="117">
<attrib name="5" value="1"/></item>
<item name="PLL_MAN_LF_EN" rev="117">
<attrib name="TRUE" value="1"/></item>
<item name="PLL_NBTI_EN" rev="117">
<attrib name="TRUE" value="1"/></item>
<item name="PLL_PFD_CNTRL" rev="117">
<attrib name="8" value="1"/></item>
<item name="PLL_PFD_DLY" rev="117">
<attrib name="1" value="1"/></item>
<item name="PLL_PWRD_CFG" rev="117">
<attrib name="FALSE" value="1"/></item>
<item name="PLL_REG_INPUT" rev="117">
<attrib name="TRUE" value="1"/></item>
<item name="PLL_RES" rev="117">
<attrib name="1" value="1"/></item>
<item name="PLL_SEL_SLIPD" rev="117">
<attrib name="FALSE" value="1"/></item>
<item name="PLL_SKEW_CNTRL" rev="117">
<attrib name="0" value="1"/></item>
<item name="PLL_TEST_IN_WINDOW" rev="117">
<attrib name="FALSE" value="1"/></item>
<item name="PLL_VDD_SEL" rev="117">
<attrib name="0" value="1"/></item>
<item name="PLL_VLFHIGH_DIS" rev="117">
<attrib name="TRUE" value="1"/></item>
<item name="RST" rev="117">
<attrib name="RST" value="1"/><attrib name="RST_INV" value="0"/></item>
</group>
<group name="SLICEM">
<item name="CLK" rev="117">
<attrib name="CLK" value="5"/><attrib name="CLK_INV" value="0"/></item>
</group>
<group name="IOB_OUTBUF">
<item name="DRIVEATTRBOX" rev="117">
<attrib name="24" value="16"/></item>
<item name="SLEW" rev="117">
<attrib name="FAST" value="16"/></item>
<item name="SUSPEND" rev="117">
<attrib name="3STATE" value="16"/></item>
</group>
<group name="SLICEX">
<item name="CLK" rev="117">
<attrib name="CLK" value="41"/><attrib name="CLK_INV" value="0"/></item>
</group>
<group name="ILOGIC2_IFF">
<item name="CLK0" rev="117">
<attrib name="CLK0_INV" value="0"/><attrib name="CLK0" value="1"/></item>
<item name="IFFTYPE" rev="117">
<attrib name="FF" value="1"/></item>
<item name="SRINIT_Q" rev="117">
<attrib name="1" value="1"/></item>
<item name="SRTYPE_Q" rev="117">
<attrib name="ASYNC" value="1"/></item>
</group>
<group name="PLL_ADV">
<item name="RST" rev="117">
<attrib name="RST" value="1"/><attrib name="RST_INV" value="0"/></item>
</group>
<group name="OLOGIC2">
<item name="CLK0" rev="117">
<attrib name="CLK0_INV" value="0"/><attrib name="CLK0" value="7"/></item>
</group>
<group name="RAMB8BWER">
<item name="CLKAWRCLK" rev="117">
<attrib name="CLKAWRCLK" value="9"/><attrib name="CLKAWRCLK_INV" value="0"/></item>
<item name="CLKBRDCLK" rev="117">
<attrib name="CLKBRDCLK_INV" value="0"/><attrib name="CLKBRDCLK" value="9"/></item>
<item name="ENAWREN" rev="117">
<attrib name="ENAWREN" value="9"/><attrib name="ENAWREN_INV" value="0"/></item>
<item name="ENBRDEN" rev="117">
<attrib name="ENBRDEN_INV" value="0"/><attrib name="ENBRDEN" value="9"/></item>
<item name="REGCEA" rev="117">
<attrib name="REGCEA_INV" value="0"/><attrib name="REGCEA" value="9"/></item>
<item name="REGCEBREGCE" rev="117">
<attrib name="REGCEBREGCE_INV" value="0"/><attrib name="REGCEBREGCE" value="9"/></item>
<item name="RSTA" rev="117">
<attrib name="RSTA" value="9"/><attrib name="RSTA_INV" value="0"/></item>
<item name="RSTBRST" rev="117">
<attrib name="RSTBRST" value="9"/><attrib name="RSTBRST_INV" value="0"/></item>
<item name="WEAWEL0" rev="117">
<attrib name="WEAWEL0" value="9"/><attrib name="WEAWEL0_INV" value="0"/></item>
<item name="WEAWEL1" rev="117">
<attrib name="WEAWEL1_INV" value="0"/><attrib name="WEAWEL1" value="9"/></item>
<item name="WEBWEU0" rev="117">
<attrib name="WEBWEU0" value="9"/><attrib name="WEBWEU0_INV" value="0"/></item>
<item name="WEBWEU1" rev="117">
<attrib name="WEBWEU1" value="9"/><attrib name="WEBWEU1_INV" value="0"/></item>
</group>
<group name="BUFIO2_BUFIO2">
<item name="DIVIDE" rev="117">
<attrib name="1" value="1"/></item>
<item name="DIVIDE_BYPASS" rev="117">
<attrib name="TRUE" value="1"/></item>
<item name="I_INVERT" rev="117">
<attrib name="FALSE" value="1"/></item>
</group>
<group name="OLOGIC2_OUTFF">
<item name="CK0" rev="117">
<attrib name="CK0_INV" value="0"/><attrib name="CK0" value="7"/></item>
<item name="OUTFFTYPE" rev="117">
<attrib name="FF" value="7"/></item>
<item name="SRINIT_OQ" rev="117">
<attrib name="0" value="7"/></item>
</group>
<group name="ILOGIC2">
<item name="CLK0" rev="117">
<attrib name="CLK0_INV" value="0"/><attrib name="CLK0" value="1"/></item>
</group>
<group name="FF_SR">
<item name="CK" rev="117">
<attrib name="CK" value="22"/><attrib name="CK_INV" value="0"/></item>
<item name="SRINIT" rev="117">
<attrib name="SRINIT0" value="9"/><attrib name="SRINIT1" value="13"/></item>
<item name="SYNC_ATTR" rev="117">
<attrib name="ASYNC" value="18"/><attrib name="SYNC" value="4"/></item>
</group>
<group name="RAMB8BWER_RAMB8BWER">
<item name="CLKAWRCLK" rev="117">
<attrib name="CLKAWRCLK" value="9"/><attrib name="CLKAWRCLK_INV" value="0"/></item>
<item name="CLKBRDCLK" rev="117">
<attrib name="CLKBRDCLK_INV" value="0"/><attrib name="CLKBRDCLK" value="9"/></item>
<item name="DATA_WIDTH_A" rev="117">
<attrib name="9" value="9"/></item>
<item name="DATA_WIDTH_B" rev="117">
<attrib name="9" value="9"/></item>
<item name="DOA_REG" rev="117">
<attrib name="0" value="9"/></item>
<item name="DOB_REG" rev="117">
<attrib name="0" value="9"/></item>
<item name="ENAWREN" rev="117">
<attrib name="ENAWREN" value="9"/><attrib name="ENAWREN_INV" value="0"/></item>
<item name="ENBRDEN" rev="117">
<attrib name="ENBRDEN_INV" value="0"/><attrib name="ENBRDEN" value="9"/></item>
<item name="EN_RSTRAM_A" rev="117">
<attrib name="TRUE" value="9"/></item>
<item name="EN_RSTRAM_B" rev="117">
<attrib name="TRUE" value="9"/></item>
<item name="RAM_MODE" rev="117">
<attrib name="TDP" value="9"/></item>
<item name="REGCEA" rev="117">
<attrib name="REGCEA_INV" value="0"/><attrib name="REGCEA" value="9"/></item>
<item name="REGCEBREGCE" rev="117">
<attrib name="REGCEBREGCE_INV" value="0"/><attrib name="REGCEBREGCE" value="9"/></item>
<item name="RSTA" rev="117">
<attrib name="RSTA" value="9"/><attrib name="RSTA_INV" value="0"/></item>
<item name="RSTBRST" rev="117">
<attrib name="RSTBRST" value="9"/><attrib name="RSTBRST_INV" value="0"/></item>
<item name="RSTTYPE" rev="117">
<attrib name="SYNC" value="9"/></item>
<item name="RST_PRIORITY_A" rev="117">
<attrib name="CE" value="9"/></item>
<item name="RST_PRIORITY_B" rev="117">
<attrib name="CE" value="9"/></item>
<item name="WEAWEL0" rev="117">
<attrib name="WEAWEL0" value="9"/><attrib name="WEAWEL0_INV" value="0"/></item>
<item name="WEAWEL1" rev="117">
<attrib name="WEAWEL1_INV" value="0"/><attrib name="WEAWEL1" value="9"/></item>
<item name="WEBWEU0" rev="117">
<attrib name="WEBWEU0" value="9"/><attrib name="WEBWEU0_INV" value="0"/></item>
<item name="WEBWEU1" rev="117">
<attrib name="WEBWEU1" value="9"/><attrib name="WEBWEU1_INV" value="0"/></item>
<item name="WRITE_MODE_A" rev="117">
<attrib name="WRITE_FIRST" value="9"/></item>
<item name="WRITE_MODE_B" rev="117">
<attrib name="WRITE_FIRST" value="9"/></item>
</group>
</ReportConfigData>
<ReportPinData TimeStamp="Sun Aug 30 01:28:55 2015"><group name="BUFIO2">
<item name="DIVCLK" rev="117">
<attrib name="value" value="1"/></item>
<item name="I" rev="117">
<attrib name="value" value="1"/></item>
</group>
<group name="REG_SR">
<item name="CE" rev="117">
<attrib name="value" value="244"/></item>
<item name="CK" rev="117">
<attrib name="value" value="272"/></item>
<item name="D" rev="117">
<attrib name="value" value="272"/></item>
<item name="Q" rev="117">
<attrib name="value" value="272"/></item>
<item name="SR" rev="117">
<attrib name="value" value="249"/></item>
</group>
<group name="LUT_OR_MEM5">
<item name="A3" rev="109">
<attrib name="value" value="1"/></item>
<item name="A4" rev="109">
<attrib name="value" value="1"/></item>
<item name="A5" rev="109">
<attrib name="value" value="1"/></item>
<item name="O5" rev="109">
<attrib name="value" value="1"/></item>
</group>
<group name="LUT_OR_MEM6">
<item name="A1" rev="117">
<attrib name="value" value="11"/></item>
<item name="A2" rev="117">
<attrib name="value" value="12"/></item>
<item name="A3" rev="117">
<attrib name="value" value="12"/></item>
<item name="A4" rev="117">
<attrib name="value" value="12"/></item>
<item name="A5" rev="117">
<attrib name="value" value="12"/></item>
<item name="A6" rev="117">
<attrib name="value" value="12"/></item>
<item name="CLK" rev="117">
<attrib name="value" value="11"/></item>
<item name="DI1" rev="117">
<attrib name="value" value="3"/></item>
<item name="DI2" rev="117">
<attrib name="value" value="8"/></item>
<item name="O6" rev="117">
<attrib name="value" value="12"/></item>
<item name="WE" rev="117">
<attrib name="value" value="11"/></item>
</group>
<group name="SLICEL">
<item name="A1" rev="117">
<attrib name="value" value="1"/></item>
<item name="A2" rev="117">
<attrib name="value" value="1"/></item>
<item name="A3" rev="117">
<attrib name="value" value="4"/></item>
<item name="A4" rev="117">
<attrib name="value" value="44"/></item>
<item name="A5" rev="117">
<attrib name="value" value="11"/></item>
<item name="A6" rev="117">
<attrib name="value" value="44"/></item>
<item name="AMUX" rev="117">
<attrib name="value" value="1"/></item>
<item name="AQ" rev="117">
<attrib name="value" value="44"/></item>
<item name="AX" rev="117">
<attrib name="value" value="40"/></item>
<item name="B" rev="117">
<attrib name="value" value="1"/></item>
<item name="B1" rev="117">
<attrib name="value" value="2"/></item>
<item name="B2" rev="117">
<attrib name="value" value="2"/></item>
<item name="B3" rev="117">
<attrib name="value" value="5"/></item>
<item name="B4" rev="117">
<attrib name="value" value="44"/></item>
<item name="B5" rev="117">
<attrib name="value" value="5"/></item>
<item name="B6" rev="117">
<attrib name="value" value="44"/></item>
<item name="BQ" rev="117">
<attrib name="value" value="43"/></item>
<item name="BX" rev="117">
<attrib name="value" value="37"/></item>
<item name="C" rev="117">
<attrib name="value" value="1"/></item>
<item name="C1" rev="117">
<attrib name="value" value="3"/></item>
<item name="C2" rev="117">
<attrib name="value" value="3"/></item>
<item name="C3" rev="117">
<attrib name="value" value="6"/></item>
<item name="C4" rev="117">
<attrib name="value" value="45"/></item>
<item name="C5" rev="117">
<attrib name="value" value="6"/></item>
<item name="C6" rev="117">
<attrib name="value" value="44"/></item>
<item name="CE" rev="117">
<attrib name="value" value="45"/></item>
<item name="CIN" rev="117">
<attrib name="value" value="36"/></item>
<item name="CLK" rev="117">
<attrib name="value" value="45"/></item>
<item name="CMUX" rev="117">
<attrib name="value" value="1"/></item>
<item name="COUT" rev="117">
<attrib name="value" value="36"/></item>
<item name="CQ" rev="117">
<attrib name="value" value="43"/></item>
<item name="CX" rev="117">
<attrib name="value" value="38"/></item>
<item name="D" rev="117">
<attrib name="value" value="1"/></item>
<item name="D1" rev="117">
<attrib name="value" value="3"/></item>
<item name="D2" rev="117">
<attrib name="value" value="3"/></item>
<item name="D3" rev="117">
<attrib name="value" value="6"/></item>
<item name="D4" rev="117">
<attrib name="value" value="44"/></item>
<item name="D5" rev="117">
<attrib name="value" value="6"/></item>
<item name="D6" rev="117">
<attrib name="value" value="44"/></item>
<item name="DQ" rev="117">
<attrib name="value" value="42"/></item>
<item name="DX" rev="117">
<attrib name="value" value="31"/></item>
<item name="SR" rev="117">
<attrib name="value" value="45"/></item>
</group>
<group name="PLL_ADV_PLL_ADV">
<item name="CLKFBIN" rev="117">
<attrib name="value" value="1"/></item>
<item name="CLKFBOUT" rev="117">
<attrib name="value" value="1"/></item>
<item name="CLKIN1" rev="117">
<attrib name="value" value="1"/></item>
<item name="CLKOUT0" rev="117">
<attrib name="value" value="1"/></item>
<item name="CLKOUT1" rev="117">
<attrib name="value" value="1"/></item>
<item name="LOCKED" rev="117">
<attrib name="value" value="1"/></item>
<item name="RST" rev="117">
<attrib name="value" value="1"/></item>
</group>
<group name="SLICEM">
<item name="A1" rev="117">
<attrib name="value" value="5"/></item>
<item name="A2" rev="117">
<attrib name="value" value="5"/></item>
<item name="A3" rev="117">
<attrib name="value" value="5"/></item>
<item name="A4" rev="117">
<attrib name="value" value="5"/></item>
<item name="A5" rev="117">
<attrib name="value" value="5"/></item>
<item name="A6" rev="117">
<attrib name="value" value="5"/></item>
<item name="AI" rev="117">
<attrib name="value" value="3"/></item>
<item name="AQ" rev="117">
<attrib name="value" value="5"/></item>
<item name="AX" rev="117">
<attrib name="value" value="2"/></item>
<item name="B1" rev="117">
<attrib name="value" value="3"/></item>
<item name="B2" rev="117">
<attrib name="value" value="3"/></item>
<item name="B3" rev="117">
<attrib name="value" value="3"/></item>
<item name="B4" rev="117">
<attrib name="value" value="3"/></item>
<item name="B5" rev="117">
<attrib name="value" value="3"/></item>
<item name="B6" rev="117">
<attrib name="value" value="3"/></item>
<item name="BI" rev="117">
<attrib name="value" value="2"/></item>
<item name="BQ" rev="117">
<attrib name="value" value="3"/></item>
<item name="BX" rev="117">
<attrib name="value" value="1"/></item>
<item name="C" rev="117">
<attrib name="value" value="1"/></item>
<item name="C1" rev="117">
<attrib name="value" value="2"/></item>
<item name="C2" rev="117">
<attrib name="value" value="3"/></item>
<item name="C3" rev="117">
<attrib name="value" value="3"/></item>
<item name="C4" rev="117">
<attrib name="value" value="3"/></item>
<item name="C5" rev="117">
<attrib name="value" value="3"/></item>
<item name="C6" rev="117">
<attrib name="value" value="3"/></item>
<item name="CE" rev="117">
<attrib name="value" value="5"/></item>
<item name="CI" rev="117">
<attrib name="value" value="2"/></item>
<item name="CLK" rev="117">
<attrib name="value" value="5"/></item>
<item name="CQ" rev="117">
<attrib name="value" value="2"/></item>
<item name="D1" rev="117">
<attrib name="value" value="1"/></item>
<item name="D2" rev="117">
<attrib name="value" value="1"/></item>
<item name="D3" rev="117">
<attrib name="value" value="1"/></item>
<item name="D4" rev="117">
<attrib name="value" value="1"/></item>
<item name="D5" rev="117">
<attrib name="value" value="1"/></item>
<item name="D6" rev="117">
<attrib name="value" value="1"/></item>
<item name="DI" rev="117">
<attrib name="value" value="1"/></item>
<item name="DQ" rev="117">
<attrib name="value" value="1"/></item>
</group>
<group name="IOB_OUTBUF">
<item name="IN" rev="117">
<attrib name="value" value="16"/></item>
<item name="OUT" rev="117">
<attrib name="value" value="16"/></item>
</group>
<group name="SLICEX">
<item name="A" rev="117">
<attrib name="value" value="35"/></item>
<item name="A1" rev="117">
<attrib name="value" value="24"/></item>
<item name="A2" rev="117">
<attrib name="value" value="41"/></item>
<item name="A3" rev="117">
<attrib name="value" value="45"/></item>
<item name="A4" rev="117">
<attrib name="value" value="52"/></item>
<item name="A5" rev="117">
<attrib name="value" value="57"/></item>
<item name="A6" rev="117">
<attrib name="value" value="53"/></item>
<item name="AMUX" rev="117">
<attrib name="value" value="26"/></item>
<item name="AQ" rev="117">
<attrib name="value" value="32"/></item>
<item name="AX" rev="117">
<attrib name="value" value="12"/></item>
<item name="B" rev="117">
<attrib name="value" value="38"/></item>
<item name="B1" rev="117">
<attrib name="value" value="31"/></item>
<item name="B2" rev="117">
<attrib name="value" value="38"/></item>
<item name="B3" rev="117">
<attrib name="value" value="43"/></item>
<item name="B4" rev="117">
<attrib name="value" value="48"/></item>
<item name="B5" rev="117">
<attrib name="value" value="49"/></item>
<item name="B6" rev="117">
<attrib name="value" value="46"/></item>
<item name="BMUX" rev="117">
<attrib name="value" value="22"/></item>
<item name="BQ" rev="117">
<attrib name="value" value="24"/></item>
<item name="BX" rev="117">
<attrib name="value" value="16"/></item>
<item name="C" rev="117">
<attrib name="value" value="32"/></item>
<item name="C1" rev="117">
<attrib name="value" value="27"/></item>
<item name="C2" rev="117">
<attrib name="value" value="33"/></item>
<item name="C3" rev="117">
<attrib name="value" value="36"/></item>
<item name="C4" rev="117">
<attrib name="value" value="38"/></item>
<item name="C5" rev="117">
<attrib name="value" value="41"/></item>
<item name="C6" rev="117">
<attrib name="value" value="37"/></item>
<item name="CE" rev="117">
<attrib name="value" value="21"/></item>
<item name="CLK" rev="117">
<attrib name="value" value="41"/></item>
<item name="CMUX" rev="117">
<attrib name="value" value="12"/></item>
<item name="CQ" rev="117">
<attrib name="value" value="17"/></item>
<item name="CX" rev="117">
<attrib name="value" value="12"/></item>
<item name="D" rev="117">
<attrib name="value" value="32"/></item>
<item name="D1" rev="117">
<attrib name="value" value="28"/></item>
<item name="D2" rev="117">
<attrib name="value" value="32"/></item>
<item name="D3" rev="117">
<attrib name="value" value="35"/></item>
<item name="D4" rev="117">
<attrib name="value" value="39"/></item>
<item name="D5" rev="117">
<attrib name="value" value="40"/></item>
<item name="D6" rev="117">
<attrib name="value" value="36"/></item>
<item name="DMUX" rev="117">
<attrib name="value" value="16"/></item>
<item name="DQ" rev="117">
<attrib name="value" value="16"/></item>
<item name="DX" rev="117">
<attrib name="value" value="12"/></item>
<item name="SR" rev="117">
<attrib name="value" value="34"/></item>
</group>
<group name="BUFG_BUFG">
<item name="I0" rev="117">
<attrib name="value" value="2"/></item>
<item name="O" rev="117">
<attrib name="value" value="2"/></item>
</group>
<group name="ILOGIC2_IFF">
<item name="CLK0" rev="117">
<attrib name="value" value="1"/></item>
<item name="D" rev="117">
<attrib name="value" value="1"/></item>
<item name="Q1" rev="117">
<attrib name="value" value="1"/></item>
<item name="SR" rev="117">
<attrib name="value" value="1"/></item>
</group>
<group name="PAD">
<item name="PAD" rev="117">
<attrib name="value" value="19"/></item>
</group>
<group name="IOB_INBUF">
<item name="OUT" rev="117">
<attrib name="value" value="3"/></item>
<item name="PAD" rev="117">
<attrib name="value" value="3"/></item>
</group>
<group name="PLL_ADV">
<item name="CLKFBIN" rev="117">
<attrib name="value" value="1"/></item>
<item name="CLKFBOUT" rev="117">
<attrib name="value" value="1"/></item>
<item name="CLKIN1" rev="117">
<attrib name="value" value="1"/></item>
<item name="CLKOUT0" rev="117">
<attrib name="value" value="1"/></item>
<item name="CLKOUT1" rev="117">
<attrib name="value" value="1"/></item>
<item name="LOCKED" rev="117">
<attrib name="value" value="1"/></item>
<item name="RST" rev="117">
<attrib name="value" value="1"/></item>
</group>
<group name="OLOGIC2">
<item name="CLK0" rev="117">
<attrib name="value" value="7"/></item>
<item name="D1" rev="117">
<attrib name="value" value="7"/></item>
<item name="OCE" rev="117">
<attrib name="value" value="4"/></item>
<item name="OQ" rev="117">
<attrib name="value" value="7"/></item>
</group>
<group name="RAMB8BWER">
<item name="ADDRAWRADDR10" rev="117">
<attrib name="value" value="9"/></item>
<item name="ADDRAWRADDR11" rev="117">
<attrib name="value" value="9"/></item>
<item name="ADDRAWRADDR12" rev="117">
<attrib name="value" value="9"/></item>
<item name="ADDRAWRADDR3" rev="117">
<attrib name="value" value="9"/></item>
<item name="ADDRAWRADDR4" rev="117">
<attrib name="value" value="9"/></item>
<item name="ADDRAWRADDR5" rev="117">
<attrib name="value" value="9"/></item>
<item name="ADDRAWRADDR6" rev="117">
<attrib name="value" value="9"/></item>
<item name="ADDRAWRADDR7" rev="117">
<attrib name="value" value="9"/></item>
<item name="ADDRAWRADDR8" rev="117">
<attrib name="value" value="9"/></item>
<item name="ADDRAWRADDR9" rev="117">
<attrib name="value" value="9"/></item>
<item name="ADDRBRDADDR10" rev="117">
<attrib name="value" value="9"/></item>
<item name="ADDRBRDADDR11" rev="117">
<attrib name="value" value="9"/></item>
<item name="ADDRBRDADDR12" rev="117">
<attrib name="value" value="9"/></item>
<item name="ADDRBRDADDR3" rev="117">
<attrib name="value" value="9"/></item>
<item name="ADDRBRDADDR4" rev="117">
<attrib name="value" value="9"/></item>
<item name="ADDRBRDADDR5" rev="117">
<attrib name="value" value="9"/></item>
<item name="ADDRBRDADDR6" rev="117">
<attrib name="value" value="9"/></item>
<item name="ADDRBRDADDR7" rev="117">
<attrib name="value" value="9"/></item>
<item name="ADDRBRDADDR8" rev="117">
<attrib name="value" value="9"/></item>
<item name="ADDRBRDADDR9" rev="117">
<attrib name="value" value="9"/></item>
<item name="CLKAWRCLK" rev="117">
<attrib name="value" value="9"/></item>
<item name="CLKBRDCLK" rev="117">
<attrib name="value" value="9"/></item>
<item name="DIADI0" rev="117">
<attrib name="value" value="9"/></item>
<item name="DIADI1" rev="117">
<attrib name="value" value="9"/></item>
<item name="DIADI2" rev="117">
<attrib name="value" value="9"/></item>
<item name="DIADI3" rev="117">
<attrib name="value" value="9"/></item>
<item name="DIADI4" rev="117">
<attrib name="value" value="9"/></item>
<item name="DIADI5" rev="117">
<attrib name="value" value="9"/></item>
<item name="DIADI6" rev="117">
<attrib name="value" value="9"/></item>
<item name="DIADI7" rev="117">
<attrib name="value" value="9"/></item>
<item name="DIPADIP0" rev="117">
<attrib name="value" value="9"/></item>
<item name="DOADO0" rev="117">
<attrib name="value" value="3"/></item>
<item name="DOADO1" rev="117">
<attrib name="value" value="3"/></item>
<item name="DOADO2" rev="117">
<attrib name="value" value="3"/></item>
<item name="DOADO3" rev="117">
<attrib name="value" value="3"/></item>
<item name="DOADO4" rev="117">
<attrib name="value" value="3"/></item>
<item name="DOADO5" rev="117">
<attrib name="value" value="3"/></item>
<item name="DOADO6" rev="117">
<attrib name="value" value="3"/></item>
<item name="DOADO7" rev="117">
<attrib name="value" value="3"/></item>
<item name="DOBDO0" rev="117">
<attrib name="value" value="9"/></item>
<item name="DOBDO1" rev="117">
<attrib name="value" value="9"/></item>
<item name="DOBDO2" rev="117">
<attrib name="value" value="9"/></item>
<item name="DOBDO3" rev="117">
<attrib name="value" value="9"/></item>
<item name="DOBDO4" rev="117">
<attrib name="value" value="9"/></item>
<item name="DOBDO5" rev="117">
<attrib name="value" value="9"/></item>
<item name="DOBDO6" rev="117">
<attrib name="value" value="9"/></item>
<item name="DOBDO7" rev="117">
<attrib name="value" value="9"/></item>
<item name="ENAWREN" rev="117">
<attrib name="value" value="9"/></item>
<item name="ENBRDEN" rev="117">
<attrib name="value" value="9"/></item>
<item name="REGCEA" rev="117">
<attrib name="value" value="9"/></item>
<item name="REGCEBREGCE" rev="117">
<attrib name="value" value="9"/></item>
<item name="RSTA" rev="117">
<attrib name="value" value="9"/></item>
<item name="RSTBRST" rev="117">
<attrib name="value" value="9"/></item>
<item name="WEAWEL0" rev="117">
<attrib name="value" value="9"/></item>
<item name="WEAWEL1" rev="117">
<attrib name="value" value="9"/></item>
<item name="WEBWEU0" rev="117">
<attrib name="value" value="9"/></item>
<item name="WEBWEU1" rev="117">
<attrib name="value" value="9"/></item>
</group>
<group name="CARRY4">
<item name="CIN" rev="117">
<attrib name="value" value="36"/></item>
<item name="CO3" rev="117">
<attrib name="value" value="36"/></item>
<item name="CYINIT" rev="117">
<attrib name="value" value="9"/></item>
<item name="DI0" rev="117">
<attrib name="value" value="43"/></item>
<item name="DI1" rev="117">
<attrib name="value" value="43"/></item>
<item name="DI2" rev="117">
<attrib name="value" value="42"/></item>
<item name="DI3" rev="117">
<attrib name="value" value="36"/></item>
<item name="O0" rev="117">
<attrib name="value" value="45"/></item>
<item name="O1" rev="117">
<attrib name="value" value="43"/></item>
<item name="O2" rev="117">
<attrib name="value" value="43"/></item>
<item name="O3" rev="117">
<attrib name="value" value="42"/></item>
<item name="S0" rev="117">
<attrib name="value" value="45"/></item>
<item name="S1" rev="117">
<attrib name="value" value="43"/></item>
<item name="S2" rev="117">
<attrib name="value" value="43"/></item>
<item name="S3" rev="117">
<attrib name="value" value="42"/></item>
</group>
<group name="BUFIO2_BUFIO2">
<item name="DIVCLK" rev="117">
<attrib name="value" value="1"/></item>
<item name="I" rev="117">
<attrib name="value" value="1"/></item>
</group>
<group name="OLOGIC2_OUTFF">
<item name="CE" rev="117">
<attrib name="value" value="4"/></item>
<item name="CK0" rev="117">
<attrib name="value" value="7"/></item>
<item name="D1" rev="117">
<attrib name="value" value="7"/></item>
<item name="Q" rev="117">
<attrib name="value" value="7"/></item>
</group>
<group name="LUT5">
<item name="A1" rev="117">
<attrib name="value" value="40"/></item>
<item name="A2" rev="117">
<attrib name="value" value="45"/></item>
<item name="A3" rev="117">
<attrib name="value" value="59"/></item>
<item name="A4" rev="117">
<attrib name="value" value="41"/></item>
<item name="A5" rev="117">
<attrib name="value" value="39"/></item>
<item name="O5" rev="117">
<attrib name="value" value="104"/></item>
</group>
<group name="LUT6">
<item name="A1" rev="117">
<attrib name="value" value="85"/></item>
<item name="A2" rev="117">
<attrib name="value" value="117"/></item>
<item name="A3" rev="117">
<attrib name="value" value="163"/></item>
<item name="A4" rev="117">
<attrib name="value" value="340"/></item>
<item name="A5" rev="117">
<attrib name="value" value="196"/></item>
<item name="A6" rev="117">
<attrib name="value" value="348"/></item>
<item name="O6" rev="117">
<attrib name="value" value="352"/></item>
</group>
<group name="SELMUX2_1">
<item name="0" rev="117">
<attrib name="value" value="2"/></item>
<item name="1" rev="117">
<attrib name="value" value="1"/></item>
<item name="OUT" rev="117">
<attrib name="value" value="2"/></item>
<item name="S0" rev="117">
<attrib name="value" value="2"/></item>
</group>
<group name="IOB_IMUX">
<item name="I" rev="117">
<attrib name="value" value="3"/></item>
<item name="OUT" rev="117">
<attrib name="value" value="3"/></item>
</group>
<group name="ILOGIC2">
<item name="CLK0" rev="117">
<attrib name="value" value="1"/></item>
<item name="D" rev="117">
<attrib name="value" value="1"/></item>
<item name="Q4" rev="117">
<attrib name="value" value="1"/></item>
<item name="SR" rev="117">
<attrib name="value" value="1"/></item>
</group>
<group name="IOB">
<item name="I" rev="117">
<attrib name="value" value="3"/></item>
<item name="O" rev="117">
<attrib name="value" value="16"/></item>
<item name="PAD" rev="117">
<attrib name="value" value="19"/></item>
</group>
<group name="HARD0">
<item name="0" rev="117">
<attrib name="value" value="1"/></item>
</group>
<group name="FF_SR">
<item name="CE" rev="117">
<attrib name="value" value="15"/></item>
<item name="CK" rev="117">
<attrib name="value" value="22"/></item>
<item name="D" rev="117">
<attrib name="value" value="22"/></item>
<item name="Q" rev="117">
<attrib name="value" value="22"/></item>
<item name="SR" rev="117">
<attrib name="value" value="22"/></item>
</group>
<group name="BUFG">
<item name="I0" rev="117">
<attrib name="value" value="2"/></item>
<item name="O" rev="117">
<attrib name="value" value="2"/></item>
</group>
<group name="RAMB8BWER_RAMB8BWER">
<item name="ADDRAWRADDR10" rev="117">
<attrib name="value" value="9"/></item>
<item name="ADDRAWRADDR11" rev="117">
<attrib name="value" value="9"/></item>
<item name="ADDRAWRADDR12" rev="117">
<attrib name="value" value="9"/></item>
<item name="ADDRAWRADDR3" rev="117">
<attrib name="value" value="9"/></item>
<item name="ADDRAWRADDR4" rev="117">
<attrib name="value" value="9"/></item>
<item name="ADDRAWRADDR5" rev="117">
<attrib name="value" value="9"/></item>
<item name="ADDRAWRADDR6" rev="117">
<attrib name="value" value="9"/></item>
<item name="ADDRAWRADDR7" rev="117">
<attrib name="value" value="9"/></item>
<item name="ADDRAWRADDR8" rev="117">
<attrib name="value" value="9"/></item>
<item name="ADDRAWRADDR9" rev="117">
<attrib name="value" value="9"/></item>
<item name="ADDRBRDADDR10" rev="117">
<attrib name="value" value="9"/></item>
<item name="ADDRBRDADDR11" rev="117">
<attrib name="value" value="9"/></item>
<item name="ADDRBRDADDR12" rev="117">
<attrib name="value" value="9"/></item>
<item name="ADDRBRDADDR3" rev="117">
<attrib name="value" value="9"/></item>
<item name="ADDRBRDADDR4" rev="117">
<attrib name="value" value="9"/></item>
<item name="ADDRBRDADDR5" rev="117">
<attrib name="value" value="9"/></item>
<item name="ADDRBRDADDR6" rev="117">
<attrib name="value" value="9"/></item>
<item name="ADDRBRDADDR7" rev="117">
<attrib name="value" value="9"/></item>
<item name="ADDRBRDADDR8" rev="117">
<attrib name="value" value="9"/></item>
<item name="ADDRBRDADDR9" rev="117">
<attrib name="value" value="9"/></item>
<item name="CLKAWRCLK" rev="117">
<attrib name="value" value="9"/></item>
<item name="CLKBRDCLK" rev="117">
<attrib name="value" value="9"/></item>
<item name="DIADI0" rev="117">
<attrib name="value" value="9"/></item>
<item name="DIADI1" rev="117">
<attrib name="value" value="9"/></item>
<item name="DIADI2" rev="117">
<attrib name="value" value="9"/></item>
<item name="DIADI3" rev="117">
<attrib name="value" value="9"/></item>
<item name="DIADI4" rev="117">
<attrib name="value" value="9"/></item>
<item name="DIADI5" rev="117">
<attrib name="value" value="9"/></item>
<item name="DIADI6" rev="117">
<attrib name="value" value="9"/></item>
<item name="DIADI7" rev="117">
<attrib name="value" value="9"/></item>
<item name="DIPADIP0" rev="117">
<attrib name="value" value="9"/></item>
<item name="DOADO0" rev="117">
<attrib name="value" value="3"/></item>
<item name="DOADO1" rev="117">
<attrib name="value" value="3"/></item>
<item name="DOADO2" rev="117">
<attrib name="value" value="3"/></item>
<item name="DOADO3" rev="117">
<attrib name="value" value="3"/></item>
<item name="DOADO4" rev="117">
<attrib name="value" value="3"/></item>
<item name="DOADO5" rev="117">
<attrib name="value" value="3"/></item>
<item name="DOADO6" rev="117">
<attrib name="value" value="3"/></item>
<item name="DOADO7" rev="117">
<attrib name="value" value="3"/></item>
<item name="DOBDO0" rev="117">
<attrib name="value" value="9"/></item>
<item name="DOBDO1" rev="117">
<attrib name="value" value="9"/></item>
<item name="DOBDO2" rev="117">
<attrib name="value" value="9"/></item>
<item name="DOBDO3" rev="117">
<attrib name="value" value="9"/></item>
<item name="DOBDO4" rev="117">
<attrib name="value" value="9"/></item>
<item name="DOBDO5" rev="117">
<attrib name="value" value="9"/></item>
<item name="DOBDO6" rev="117">
<attrib name="value" value="9"/></item>
<item name="DOBDO7" rev="117">
<attrib name="value" value="9"/></item>
<item name="ENAWREN" rev="117">
<attrib name="value" value="9"/></item>
<item name="ENBRDEN" rev="117">
<attrib name="value" value="9"/></item>
<item name="REGCEA" rev="117">
<attrib name="value" value="9"/></item>
<item name="REGCEBREGCE" rev="117">
<attrib name="value" value="9"/></item>
<item name="RSTA" rev="117">
<attrib name="value" value="9"/></item>
<item name="RSTBRST" rev="117">
<attrib name="value" value="9"/></item>
<item name="WEAWEL0" rev="117">
<attrib name="value" value="9"/></item>
<item name="WEAWEL1" rev="117">
<attrib name="value" value="9"/></item>
<item name="WEBWEU0" rev="117">
<attrib name="value" value="9"/></item>
<item name="WEBWEU1" rev="117">
<attrib name="value" value="9"/></item>
</group>
</ReportPinData>
<CmdHistory>
</CmdHistory>
</DeviceUsageSummary>
